,title,company,location,minimum salary,rating,urgent hiring,link
0,Python Developer,Systemonex INC,"New York, NY",70000.0,,,https://www.indeed.com/viewjob?jk=261a6748688d29d6
1,Machine Vision Engineer,"Intelligent Artifacts, Inc.","New York, NY",80000.0,,,https://www.indeed.com/viewjob?jk=438f8386a49026e1
2,Software Engineer Senior Instructor,MIM,"New York, NY",87000.0,,,https://www.indeed.com/viewjob?jk=f1433de8cb7a6bf7
3,"Quantitative Investment Analytics, Sr. Analyst",Global Atlantic Financial Group,"New York, NY",TBD,3.2,,https://www.indeed.com/viewjob?jk=ae577fac66aa2913
4,Bioinformatics Programmer,NYU Langone Health,"New York, NY",TBD,4.1,,https://www.indeed.com/viewjob?jk=8434bc915c82e9d2
5,Data Science Instructor,MIM,"New York, NY",87000.0,,,https://www.indeed.com/viewjob?jk=7f2fbaa0da9c3228
6,Entry Level Python Developer / Jr. Python Developer,KesarWeb,"New York, NY",65000.0,,,https://www.indeed.com/viewjob?jk=52e375af8715e3d4
7,Data Technician (Full- or Part-Time),Thasos Group,"New York, NY",TBD,,,https://www.indeed.com/viewjob?jk=da727c0cddda240e
8,IT Internship,NPower,"New York, NY",30000.0,3.5,,https://www.indeed.com/viewjob?jk=fae3bf7adc86ea00
9,Tutor in Python online,MakerState,"New York, NY",36000.0,4.0,0.0,https://www.indeed.com/viewjob?jk=469dc5c2056f68b8
10,"Editorial Production Associate, The New Yorker",Conde Nast,"New York, NY",TBD,4.0,,https://www.indeed.com/viewjob?jk=3ecb7c1d250a060f
11,Python Hacker - Machine Learning,Morgan Stanley,"New York, NY",TBD,3.9,,https://www.indeed.com/viewjob?jk=570b70628645883d
12,Junior Laboratory Associate,New York University,"New York, NY",40000.0,4.2,,https://www.indeed.com/viewjob?jk=f5be0253521b86e9
14,Java / Python Tutors,"SAM Consulting Services, Inc.","New York, NY",TBD,,,https://www.indeed.com/viewjob?jk=6dd414e5bf2653aa
15,Python Developer with Front end development,Peopleforce INC,"New York, NY",90000.0,,,https://www.indeed.com/viewjob?jk=c43b5994cf78e06f
16,Site Reliability Engineer - Python and Automation - No finance required,Saragossa,"New York, NY",TBD,,,https://www.indeed.com/viewjob?jk=2278f745eaf94e0d
17,BVAL Corporate Bond Evaluator,Bloomberg,"New York, NY",TBD,3.9,,https://www.indeed.com/viewjob?jk=e6bf47fd6b059b7b
18,Python Developer,Systemonex INC,"New York, NY",70000.0,,,https://www.indeed.com/viewjob?jk=261a6748688d29d6
19,Site Reliability Engineer - Python and Automation - No finance required,Saragossa,"New York, NY",TBD,,,https://www.indeed.com/viewjob?jk=2278f745eaf94e0d
20,Bioinformatics Programmer,NYU Langone Health,"New York, NY",TBD,4.1,,https://www.indeed.com/viewjob?jk=8434bc915c82e9d2
21,"Quantitative Investment Analytics, Sr. Analyst",Global Atlantic Financial Group,"New York, NY",TBD,3.2,,https://www.indeed.com/viewjob?jk=ae577fac66aa2913
22,Data Science Instructor,MIM,"New York, NY",87000.0,,,https://www.indeed.com/viewjob?jk=7f2fbaa0da9c3228
23,Entry Level Python Developer / Jr. Python Developer,KesarWeb,"New York, NY",65000.0,,,https://www.indeed.com/viewjob?jk=52e375af8715e3d4
24,Data Technician (Full- or Part-Time),Thasos Group,"New York, NY",TBD,,,https://www.indeed.com/viewjob?jk=da727c0cddda240e
25,IT Internship,NPower,"New York, NY",30000.0,3.5,,https://www.indeed.com/viewjob?jk=fae3bf7adc86ea00
26,Tutor in Python online,MakerState,"New York, NY",36000.0,4.0,0.0,https://www.indeed.com/viewjob?jk=469dc5c2056f68b8
27,"Editorial Production Associate, The New Yorker",Conde Nast,"New York, NY",TBD,4.0,,https://www.indeed.com/viewjob?jk=3ecb7c1d250a060f
28,Python Hacker - Machine Learning,Morgan Stanley,"New York, NY",TBD,3.9,,https://www.indeed.com/viewjob?jk=570b70628645883d
29,Junior Laboratory Associate,New York University,"New York, NY",40000.0,4.2,,https://www.indeed.com/viewjob?jk=f5be0253521b86e9
31,Java / Python Tutors,"SAM Consulting Services, Inc.","New York, NY",TBD,,,https://www.indeed.com/viewjob?jk=6dd414e5bf2653aa
32,Python Developer with Front end development,Peopleforce INC,"New York, NY",90000.0,,,https://www.indeed.com/viewjob?jk=c43b5994cf78e06f
33,Electronic Trading Solutions - Operations Professional,Bloomberg,"New York, NY",TBD,3.9,,https://www.indeed.com/viewjob?jk=e24d79bdd3d66b6d
34,Machine Vision Engineer,"Intelligent Artifacts, Inc.","New York, NY",80000.0,,,https://www.indeed.com/viewjob?jk=438f8386a49026e1
35,Python Developer,Systemonex INC,"New York, NY",70000.0,,,https://www.indeed.com/viewjob?jk=261a6748688d29d6
36,Site Reliability Engineer - Python and Automation - No finance required,Saragossa,"New York, NY",TBD,,,https://www.indeed.com/viewjob?jk=2278f745eaf94e0d
37,Bioinformatics Programmer,NYU Langone Health,"New York, NY",TBD,4.1,,https://www.indeed.com/viewjob?jk=8434bc915c82e9d2
38,Data Science Instructor,MIM,"New York, NY",87000.0,,,https://www.indeed.com/viewjob?jk=7f2fbaa0da9c3228
39,Entry Level Python Developer / Jr. Python Developer,KesarWeb,"New York, NY",65000.0,,,https://www.indeed.com/viewjob?jk=52e375af8715e3d4
40,Data Technician (Full- or Part-Time),Thasos Group,"New York, NY",TBD,,,https://www.indeed.com/viewjob?jk=da727c0cddda240e
41,IT Internship,NPower,"New York, NY",30000.0,3.5,,https://www.indeed.com/viewjob?jk=fae3bf7adc86ea00
42,Tutor in Python online,MakerState,"New York, NY",36000.0,4.0,0.0,https://www.indeed.com/viewjob?jk=469dc5c2056f68b8
43,"Editorial Production Associate, The New Yorker",Conde Nast,"New York, NY",TBD,4.0,,https://www.indeed.com/viewjob?jk=3ecb7c1d250a060f
44,Python Hacker - Machine Learning,Morgan Stanley,"New York, NY",TBD,3.9,,https://www.indeed.com/viewjob?jk=570b70628645883d
45,Junior Laboratory Associate,New York University,"New York, NY",40000.0,4.2,,https://www.indeed.com/viewjob?jk=f5be0253521b86e9
47,Java / Python Tutors,"SAM Consulting Services, Inc.","New York, NY",TBD,,,https://www.indeed.com/viewjob?jk=6dd414e5bf2653aa
48,Python Developer with Front end development,Peopleforce INC,"New York, NY",90000.0,,,https://www.indeed.com/viewjob?jk=c43b5994cf78e06f
49,"Quantitative Investment Analytics, Sr. Analyst",Global Atlantic Financial Group,"New York, NY",TBD,3.2,,https://www.indeed.com/viewjob?jk=ae577fac66aa2913
50,Machine Vision Engineer,"Intelligent Artifacts, Inc.","New York, NY",80000.0,,,https://www.indeed.com/viewjob?jk=438f8386a49026e1
51,Python Developer,Systemonex INC,"New York, NY",70000.0,,,https://www.indeed.com/viewjob?jk=261a6748688d29d6
52,Site Reliability Engineer - Python and Automation - No finance required,Saragossa,"New York, NY",TBD,,,https://www.indeed.com/viewjob?jk=2278f745eaf94e0d
53,Bioinformatics Programmer,NYU Langone Health,"New York, NY",TBD,4.1,,https://www.indeed.com/viewjob?jk=8434bc915c82e9d2
54,Data Science Instructor,MIM,"New York, NY",87000.0,,,https://www.indeed.com/viewjob?jk=7f2fbaa0da9c3228
55,Entry Level Python Developer / Jr. Python Developer,KesarWeb,"New York, NY",65000.0,,,https://www.indeed.com/viewjob?jk=52e375af8715e3d4
56,Data Technician (Full- or Part-Time),Thasos Group,"New York, NY",TBD,,,https://www.indeed.com/viewjob?jk=da727c0cddda240e
57,IT Internship,NPower,"New York, NY",30000.0,3.5,,https://www.indeed.com/viewjob?jk=fae3bf7adc86ea00
58,Tutor in Python online,MakerState,"New York, NY",36000.0,4.0,0.0,https://www.indeed.com/viewjob?jk=469dc5c2056f68b8
59,"Editorial Production Associate, The New Yorker",Conde Nast,"New York, NY",TBD,4.0,,https://www.indeed.com/viewjob?jk=3ecb7c1d250a060f
60,Python Hacker - Machine Learning,Morgan Stanley,"New York, NY",TBD,3.9,,https://www.indeed.com/viewjob?jk=570b70628645883d
61,Junior Laboratory Associate,New York University,"New York, NY",40000.0,4.2,,https://www.indeed.com/viewjob?jk=f5be0253521b86e9
63,Java / Python Tutors,"SAM Consulting Services, Inc.","New York, NY",TBD,,,https://www.indeed.com/viewjob?jk=6dd414e5bf2653aa
64,Python Developer with Front end development,Peopleforce INC,"New York, NY",90000.0,,,https://www.indeed.com/viewjob?jk=c43b5994cf78e06f
65,"Quantitative Investment Analytics, Sr. Analyst",Global Atlantic Financial Group,"New York, NY",TBD,3.2,,https://www.indeed.com/viewjob?jk=ae577fac66aa2913
66,Machine Vision Engineer,"Intelligent Artifacts, Inc.","New York, NY",80000.0,,,https://www.indeed.com/viewjob?jk=438f8386a49026e1
67,Python Developer,Systemonex INC,"New York, NY",70000.0,,,https://www.indeed.com/viewjob?jk=261a6748688d29d6
68,Entry Level Python Developer / Jr. Python Developer,KesarWeb,"New York, NY",65000.0,,,https://www.indeed.com/viewjob?jk=52e375af8715e3d4
69,Machine Vision Engineer,"Intelligent Artifacts, Inc.","New York, NY",80000.0,,,https://www.indeed.com/viewjob?jk=438f8386a49026e1
70,Lead Data Strategist,Indeed,"New York, NY",104000.0,4.3,,https://www.indeed.com/viewjob?jk=e3e355bd6f8eb5e0
71,Data Technician (Full- or Part-Time),Thasos Group,"New York, NY",TBD,,,https://www.indeed.com/viewjob?jk=da727c0cddda240e
72,IT Internship,NPower,"New York, NY",30000.0,3.5,,https://www.indeed.com/viewjob?jk=fae3bf7adc86ea00
73,Tutor in Python online,MakerState,"New York, NY",36000.0,4.0,0.0,https://www.indeed.com/viewjob?jk=469dc5c2056f68b8
74,"Editorial Production Associate, The New Yorker",Conde Nast,"New York, NY",TBD,4.0,,https://www.indeed.com/viewjob?jk=3ecb7c1d250a060f
75,Python Hacker - Machine Learning,Morgan Stanley,"New York, NY",TBD,3.9,,https://www.indeed.com/viewjob?jk=570b70628645883d
76,Junior Laboratory Associate,New York University,"New York, NY",40000.0,4.2,,https://www.indeed.com/viewjob?jk=f5be0253521b86e9
78,Java / Python Tutors,"SAM Consulting Services, Inc.","New York, NY",TBD,,,https://www.indeed.com/viewjob?jk=6dd414e5bf2653aa
79,Python Developer with Front end development,Peopleforce INC,"New York, NY",90000.0,,,https://www.indeed.com/viewjob?jk=c43b5994cf78e06f
80,Python Developer,Direct Agents,"New York, NY",TBD,3.1,,https://www.indeed.com/viewjob?jk=e63e11330df31629
81,Junior Python Developer,GTS,"New York, NY",TBD,3.7,,https://www.indeed.com/viewjob?jk=f8f068da6dd93fa6
82,Python Developer,Systemonex INC,"New York, NY",70000.0,,,https://www.indeed.com/viewjob?jk=261a6748688d29d6
83,Site Reliability Engineer - Python and Automation - No finance required,Saragossa,"New York, NY",TBD,,,https://www.indeed.com/viewjob?jk=2278f745eaf94e0d
84,Bioinformatics Programmer,NYU Langone Health,"New York, NY",TBD,4.1,,https://www.indeed.com/viewjob?jk=8434bc915c82e9d2
85,"Quantitative Investment Analytics, Sr. Analyst",Global Atlantic Financial Group,"New York, NY",TBD,3.2,,https://www.indeed.com/viewjob?jk=ae577fac66aa2913
86,Data Science Instructor,MIM,"New York, NY",87000.0,,,https://www.indeed.com/viewjob?jk=7f2fbaa0da9c3228
87,Entry Level Python Developer / Jr. Python Developer,KesarWeb,"New York, NY",65000.0,,,https://www.indeed.com/viewjob?jk=52e375af8715e3d4
88,Data Technician (Full- or Part-Time),Thasos Group,"New York, NY",TBD,,,https://www.indeed.com/viewjob?jk=da727c0cddda240e
89,IT Internship,NPower,"New York, NY",30000.0,3.5,,https://www.indeed.com/viewjob?jk=fae3bf7adc86ea00
90,Tutor in Python online,MakerState,"New York, NY",36000.0,4.0,0.0,https://www.indeed.com/viewjob?jk=469dc5c2056f68b8
91,"Editorial Production Associate, The New Yorker",Conde Nast,"New York, NY",TBD,4.0,,https://www.indeed.com/viewjob?jk=3ecb7c1d250a060f
92,Python Hacker - Machine Learning,Morgan Stanley,"New York, NY",TBD,3.9,,https://www.indeed.com/viewjob?jk=570b70628645883d
93,Junior Laboratory Associate,New York University,"New York, NY",40000.0,4.2,,https://www.indeed.com/viewjob?jk=f5be0253521b86e9
95,Java / Python Tutors,"SAM Consulting Services, Inc.","New York, NY",TBD,,,https://www.indeed.com/viewjob?jk=6dd414e5bf2653aa
96,Python Developer with Front end development,Peopleforce INC,"New York, NY",90000.0,,,https://www.indeed.com/viewjob?jk=c43b5994cf78e06f
97,Electronic Trading Solutions - Operations Professional,Bloomberg,"New York, NY",TBD,3.9,,https://www.indeed.com/viewjob?jk=e24d79bdd3d66b6d
98,Machine Vision Engineer,"Intelligent Artifacts, Inc.","New York, NY",80000.0,,,https://www.indeed.com/viewjob?jk=438f8386a49026e1
99,Python Developer,Systemonex INC,"New York, NY",70000.0,,,https://www.indeed.com/viewjob?jk=261a6748688d29d6
100,Entry Level Python Developer / Jr. Python Developer,KesarWeb,"New York, NY",65000.0,,,https://www.indeed.com/viewjob?jk=52e375af8715e3d4
101,Machine Vision Engineer,"Intelligent Artifacts, Inc.","New York, NY",80000.0,,,https://www.indeed.com/viewjob?jk=438f8386a49026e1
102,Lead Data Strategist,Indeed,"New York, NY",104000.0,4.3,,https://www.indeed.com/viewjob?jk=e3e355bd6f8eb5e0
103,Python Developer,Pensa Systems,"New York, NY",TBD,,,https://www.indeed.com/viewjob?jk=68cba931a369960c
104,Data Technician (Full- or Part-Time),Thasos Group,"New York, NY",TBD,,,https://www.indeed.com/viewjob?jk=da727c0cddda240e
105,IT Internship,NPower,"New York, NY",30000.0,3.5,,https://www.indeed.com/viewjob?jk=fae3bf7adc86ea00
106,Junior Data Analyst,Urner Barry,"Toms River, NJ",40000.0,4.2,0.0,https://www.indeed.com/viewjob?jk=95fdb4f48585dab3
107,Tutor in Python online,MakerState,"New York, NY",36000.0,4.0,0.0,https://www.indeed.com/viewjob?jk=469dc5c2056f68b8
108,"Editorial Production Associate, The New Yorker",Conde Nast,"New York, NY",TBD,4.0,,https://www.indeed.com/viewjob?jk=3ecb7c1d250a060f
109,Python Hacker - Machine Learning,Morgan Stanley,"New York, NY",TBD,3.9,,https://www.indeed.com/viewjob?jk=570b70628645883d
110,Junior Laboratory Associate,New York University,"New York, NY",40000.0,4.2,,https://www.indeed.com/viewjob?jk=f5be0253521b86e9
112,Java / Python Tutors,"SAM Consulting Services, Inc.","New York, NY",TBD,,,https://www.indeed.com/viewjob?jk=6dd414e5bf2653aa
113,Python Developer with Front end development,Peopleforce INC,"New York, NY",90000.0,,,https://www.indeed.com/viewjob?jk=c43b5994cf78e06f
114,Python Developer,Systemonex INC,"New York, NY",70000.0,,,https://www.indeed.com/viewjob?jk=261a6748688d29d6
115,Entry Level Python Developer / Jr. Python Developer,KesarWeb,"New York, NY",65000.0,,,https://www.indeed.com/viewjob?jk=52e375af8715e3d4
116,Machine Vision Engineer,"Intelligent Artifacts, Inc.","New York, NY",80000.0,,,https://www.indeed.com/viewjob?jk=438f8386a49026e1
117,Lead Data Strategist,Indeed,"New York, NY",104000.0,4.3,,https://www.indeed.com/viewjob?jk=e3e355bd6f8eb5e0
118,Python Developer,Pensa Systems,"New York, NY",TBD,,,https://www.indeed.com/viewjob?jk=68cba931a369960c
119,Data Technician (Full- or Part-Time),Thasos Group,"New York, NY",TBD,,,https://www.indeed.com/viewjob?jk=da727c0cddda240e
120,IT Internship,NPower,"New York, NY",30000.0,3.5,,https://www.indeed.com/viewjob?jk=fae3bf7adc86ea00
121,Junior Data Analyst,Urner Barry,"Toms River, NJ",40000.0,4.2,0.0,https://www.indeed.com/viewjob?jk=95fdb4f48585dab3
122,Tutor in Python online,MakerState,"New York, NY",36000.0,4.0,0.0,https://www.indeed.com/viewjob?jk=469dc5c2056f68b8
123,"Editorial Production Associate, The New Yorker",Conde Nast,"New York, NY",TBD,4.0,,https://www.indeed.com/viewjob?jk=3ecb7c1d250a060f
124,Python Hacker - Machine Learning,Morgan Stanley,"New York, NY",TBD,3.9,,https://www.indeed.com/viewjob?jk=570b70628645883d
125,Junior Laboratory Associate,New York University,"New York, NY",40000.0,4.2,,https://www.indeed.com/viewjob?jk=f5be0253521b86e9
127,Java / Python Tutors,"SAM Consulting Services, Inc.","New York, NY",TBD,,,https://www.indeed.com/viewjob?jk=6dd414e5bf2653aa
128,Python Developer with Front end development,Peopleforce INC,"New York, NY",90000.0,,,https://www.indeed.com/viewjob?jk=c43b5994cf78e06f
129,Python Developer,Systemonex INC,"New York, NY",70000.0,,,https://www.indeed.com/viewjob?jk=261a6748688d29d6
130,Site Reliability Engineer - Python and Automation - No finance required,Saragossa,"New York, NY",TBD,,,https://www.indeed.com/viewjob?jk=2278f745eaf94e0d
131,Bioinformatics Programmer,NYU Langone Health,"New York, NY",TBD,4.1,,https://www.indeed.com/viewjob?jk=8434bc915c82e9d2
132,Data Science Instructor,MIM,"New York, NY",87000.0,,,https://www.indeed.com/viewjob?jk=7f2fbaa0da9c3228
133,Entry Level Python Developer / Jr. Python Developer,KesarWeb,"New York, NY",65000.0,,,https://www.indeed.com/viewjob?jk=52e375af8715e3d4
134,Data Technician (Full- or Part-Time),Thasos Group,"New York, NY",TBD,,,https://www.indeed.com/viewjob?jk=da727c0cddda240e
135,IT Internship,NPower,"New York, NY",30000.0,3.5,,https://www.indeed.com/viewjob?jk=fae3bf7adc86ea00
136,Tutor in Python online,MakerState,"New York, NY",36000.0,4.0,0.0,https://www.indeed.com/viewjob?jk=469dc5c2056f68b8
137,"Editorial Production Associate, The New Yorker",Conde Nast,"New York, NY",TBD,4.0,,https://www.indeed.com/viewjob?jk=3ecb7c1d250a060f
138,Python Hacker - Machine Learning,Morgan Stanley,"New York, NY",TBD,3.9,,https://www.indeed.com/viewjob?jk=570b70628645883d
139,Junior Laboratory Associate,New York University,"New York, NY",40000.0,4.2,,https://www.indeed.com/viewjob?jk=f5be0253521b86e9
141,Java / Python Tutors,"SAM Consulting Services, Inc.","New York, NY",TBD,,,https://www.indeed.com/viewjob?jk=6dd414e5bf2653aa
142,Python Developer with Front end development,Peopleforce INC,"New York, NY",90000.0,,,https://www.indeed.com/viewjob?jk=c43b5994cf78e06f
143,"Quantitative Investment Analytics, Sr. Analyst",Global Atlantic Financial Group,"New York, NY",TBD,3.2,,https://www.indeed.com/viewjob?jk=ae577fac66aa2913
144,Machine Vision Engineer,"Intelligent Artifacts, Inc.","New York, NY",80000.0,,,https://www.indeed.com/viewjob?jk=438f8386a49026e1
145,Python Developer,Systemonex INC,"New York, NY",70000.0,,,https://www.indeed.com/viewjob?jk=261a6748688d29d6
146,Entry Level Python Developer / Jr. Python Developer,KesarWeb,"New York, NY",65000.0,,,https://www.indeed.com/viewjob?jk=52e375af8715e3d4
147,Machine Vision Engineer,"Intelligent Artifacts, Inc.","New York, NY",80000.0,,,https://www.indeed.com/viewjob?jk=438f8386a49026e1
148,Lead Data Strategist,Indeed,"New York, NY",104000.0,4.3,,https://www.indeed.com/viewjob?jk=e3e355bd6f8eb5e0
149,Python Developer,Pensa Systems,"New York, NY",TBD,,,https://www.indeed.com/viewjob?jk=68cba931a369960c
150,Data Technician (Full- or Part-Time),Thasos Group,"New York, NY",TBD,,,https://www.indeed.com/viewjob?jk=da727c0cddda240e
151,IT Internship,NPower,"New York, NY",30000.0,3.5,,https://www.indeed.com/viewjob?jk=fae3bf7adc86ea00
152,Junior Data Analyst,Urner Barry,"Toms River, NJ",40000.0,4.2,0.0,https://www.indeed.com/viewjob?jk=95fdb4f48585dab3
153,Tutor in Python online,MakerState,"New York, NY",36000.0,4.0,0.0,https://www.indeed.com/viewjob?jk=469dc5c2056f68b8
154,"Editorial Production Associate, The New Yorker",Conde Nast,"New York, NY",TBD,4.0,,https://www.indeed.com/viewjob?jk=3ecb7c1d250a060f
155,Python Hacker - Machine Learning,Morgan Stanley,"New York, NY",TBD,3.9,,https://www.indeed.com/viewjob?jk=570b70628645883d
156,Junior Laboratory Associate,New York University,"New York, NY",40000.0,4.2,,https://www.indeed.com/viewjob?jk=f5be0253521b86e9
158,Java / Python Tutors,"SAM Consulting Services, Inc.","New York, NY",TBD,,,https://www.indeed.com/viewjob?jk=6dd414e5bf2653aa
159,Python Developer with Front end development,Peopleforce INC,"New York, NY",90000.0,,,https://www.indeed.com/viewjob?jk=c43b5994cf78e06f
160,Python Developer,Systemonex INC,"New York, NY",70000.0,,,https://www.indeed.com/viewjob?jk=261a6748688d29d6
161,Site Reliability Engineer - Python and Automation - No finance required,Saragossa,"New York, NY",TBD,,,https://www.indeed.com/viewjob?jk=2278f745eaf94e0d
162,Bioinformatics Programmer,NYU Langone Health,"New York, NY",TBD,4.1,,https://www.indeed.com/viewjob?jk=8434bc915c82e9d2
163,Data Science Instructor,MIM,"New York, NY",87000.0,,,https://www.indeed.com/viewjob?jk=7f2fbaa0da9c3228
164,Entry Level Python Developer / Jr. Python Developer,KesarWeb,"New York, NY",65000.0,,,https://www.indeed.com/viewjob?jk=52e375af8715e3d4
165,Data Technician (Full- or Part-Time),Thasos Group,"New York, NY",TBD,,,https://www.indeed.com/viewjob?jk=da727c0cddda240e
166,IT Internship,NPower,"New York, NY",30000.0,3.5,,https://www.indeed.com/viewjob?jk=fae3bf7adc86ea00
167,Tutor in Python online,MakerState,"New York, NY",36000.0,4.0,0.0,https://www.indeed.com/viewjob?jk=469dc5c2056f68b8
168,"Editorial Production Associate, The New Yorker",Conde Nast,"New York, NY",TBD,4.0,,https://www.indeed.com/viewjob?jk=3ecb7c1d250a060f
169,Python Hacker - Machine Learning,Morgan Stanley,"New York, NY",TBD,3.9,,https://www.indeed.com/viewjob?jk=570b70628645883d
170,Junior Laboratory Associate,New York University,"New York, NY",40000.0,4.2,,https://www.indeed.com/viewjob?jk=f5be0253521b86e9
172,Java / Python Tutors,"SAM Consulting Services, Inc.","New York, NY",TBD,,,https://www.indeed.com/viewjob?jk=6dd414e5bf2653aa
173,Python Developer with Front end development,Peopleforce INC,"New York, NY",90000.0,,,https://www.indeed.com/viewjob?jk=c43b5994cf78e06f
174,"Quantitative Investment Analytics, Sr. Analyst",Global Atlantic Financial Group,"New York, NY",TBD,3.2,,https://www.indeed.com/viewjob?jk=ae577fac66aa2913
175,Machine Vision Engineer,"Intelligent Artifacts, Inc.","New York, NY",80000.0,,,https://www.indeed.com/viewjob?jk=438f8386a49026e1
176,Python Developer,Systemonex INC,"New York, NY",70000.0,,,https://www.indeed.com/viewjob?jk=261a6748688d29d6
177,Entry Level Python Developer / Jr. Python Developer,KesarWeb,"New York, NY",65000.0,,,https://www.indeed.com/viewjob?jk=52e375af8715e3d4
178,Machine Vision Engineer,"Intelligent Artifacts, Inc.","New York, NY",80000.0,,,https://www.indeed.com/viewjob?jk=438f8386a49026e1
179,Lead Data Strategist,Indeed,"New York, NY",104000.0,4.3,,https://www.indeed.com/viewjob?jk=e3e355bd6f8eb5e0
180,Python Developer,Pensa Systems,"New York, NY",TBD,,,https://www.indeed.com/viewjob?jk=68cba931a369960c
181,Data Technician (Full- or Part-Time),Thasos Group,"New York, NY",TBD,,,https://www.indeed.com/viewjob?jk=da727c0cddda240e
182,IT Internship,NPower,"New York, NY",30000.0,3.5,,https://www.indeed.com/viewjob?jk=fae3bf7adc86ea00
183,Junior Data Analyst,Urner Barry,"Toms River, NJ",40000.0,4.2,0.0,https://www.indeed.com/viewjob?jk=95fdb4f48585dab3
184,Tutor in Python online,MakerState,"New York, NY",36000.0,4.0,0.0,https://www.indeed.com/viewjob?jk=469dc5c2056f68b8
185,"Editorial Production Associate, The New Yorker",Conde Nast,"New York, NY",TBD,4.0,,https://www.indeed.com/viewjob?jk=3ecb7c1d250a060f
186,Python Hacker - Machine Learning,Morgan Stanley,"New York, NY",TBD,3.9,,https://www.indeed.com/viewjob?jk=570b70628645883d
187,Junior Laboratory Associate,New York University,"New York, NY",40000.0,4.2,,https://www.indeed.com/viewjob?jk=f5be0253521b86e9
189,Java / Python Tutors,"SAM Consulting Services, Inc.","New York, NY",TBD,,,https://www.indeed.com/viewjob?jk=6dd414e5bf2653aa
190,Python Developer with Front end development,Peopleforce INC,"New York, NY",90000.0,,,https://www.indeed.com/viewjob?jk=c43b5994cf78e06f
191,Python Developer,Systemonex INC,"New York, NY",70000.0,,,https://www.indeed.com/viewjob?jk=261a6748688d29d6
192,Site Reliability Engineer - Python and Automation - No finance required,Saragossa,"New York, NY",TBD,,,https://www.indeed.com/viewjob?jk=2278f745eaf94e0d
193,Bioinformatics Programmer,NYU Langone Health,"New York, NY",TBD,4.1,,https://www.indeed.com/viewjob?jk=8434bc915c82e9d2
194,"Quantitative Investment Analytics, Sr. Analyst",Global Atlantic Financial Group,"New York, NY",TBD,3.2,,https://www.indeed.com/viewjob?jk=ae577fac66aa2913
195,Data Science Instructor,MIM,"New York, NY",87000.0,,,https://www.indeed.com/viewjob?jk=7f2fbaa0da9c3228
196,Entry Level Python Developer / Jr. Python Developer,KesarWeb,"New York, NY",65000.0,,,https://www.indeed.com/viewjob?jk=52e375af8715e3d4
197,Data Technician (Full- or Part-Time),Thasos Group,"New York, NY",TBD,,,https://www.indeed.com/viewjob?jk=da727c0cddda240e
198,IT Internship,NPower,"New York, NY",30000.0,3.5,,https://www.indeed.com/viewjob?jk=fae3bf7adc86ea00
199,Tutor in Python online,MakerState,"New York, NY",36000.0,4.0,0.0,https://www.indeed.com/viewjob?jk=469dc5c2056f68b8
200,"Editorial Production Associate, The New Yorker",Conde Nast,"New York, NY",TBD,4.0,,https://www.indeed.com/viewjob?jk=3ecb7c1d250a060f
201,Python Hacker - Machine Learning,Morgan Stanley,"New York, NY",TBD,3.9,,https://www.indeed.com/viewjob?jk=570b70628645883d
202,Junior Laboratory Associate,New York University,"New York, NY",40000.0,4.2,,https://www.indeed.com/viewjob?jk=f5be0253521b86e9
204,Java / Python Tutors,"SAM Consulting Services, Inc.","New York, NY",TBD,,,https://www.indeed.com/viewjob?jk=6dd414e5bf2653aa
205,Python Developer with Front end development,Peopleforce INC,"New York, NY",90000.0,,,https://www.indeed.com/viewjob?jk=c43b5994cf78e06f
206,Software Engineer Senior Instructor,MIM,"New York, NY",87000.0,,,https://www.indeed.com/viewjob?jk=f1433de8cb7a6bf7
207,Machine Vision Engineer,"Intelligent Artifacts, Inc.","New York, NY",80000.0,,,https://www.indeed.com/viewjob?jk=438f8386a49026e1
208,Python Developer,Systemonex INC,"New York, NY",70000.0,,,https://www.indeed.com/viewjob?jk=261a6748688d29d6
209,Entry Level Python Developer / Jr. Python Developer,KesarWeb,"New York, NY",65000.0,,,https://www.indeed.com/viewjob?jk=52e375af8715e3d4
210,Machine Vision Engineer,"Intelligent Artifacts, Inc.","New York, NY",80000.0,,,https://www.indeed.com/viewjob?jk=438f8386a49026e1
211,Lead Data Strategist,Indeed,"New York, NY",104000.0,4.3,,https://www.indeed.com/viewjob?jk=e3e355bd6f8eb5e0
212,Data Technician (Full- or Part-Time),Thasos Group,"New York, NY",TBD,,,https://www.indeed.com/viewjob?jk=da727c0cddda240e
213,IT Internship,NPower,"New York, NY",30000.0,3.5,,https://www.indeed.com/viewjob?jk=fae3bf7adc86ea00
214,Tutor in Python online,MakerState,"New York, NY",36000.0,4.0,0.0,https://www.indeed.com/viewjob?jk=469dc5c2056f68b8
215,"Editorial Production Associate, The New Yorker",Conde Nast,"New York, NY",TBD,4.0,,https://www.indeed.com/viewjob?jk=3ecb7c1d250a060f
216,Python Hacker - Machine Learning,Morgan Stanley,"New York, NY",TBD,3.9,,https://www.indeed.com/viewjob?jk=570b70628645883d
217,Junior Laboratory Associate,New York University,"New York, NY",40000.0,4.2,,https://www.indeed.com/viewjob?jk=f5be0253521b86e9
219,Java / Python Tutors,"SAM Consulting Services, Inc.","New York, NY",TBD,,,https://www.indeed.com/viewjob?jk=6dd414e5bf2653aa
220,Python Developer with Front end development,Peopleforce INC,"New York, NY",90000.0,,,https://www.indeed.com/viewjob?jk=c43b5994cf78e06f
221,Python Developer,Direct Agents,"New York, NY",TBD,3.1,,https://www.indeed.com/viewjob?jk=e63e11330df31629
222,Junior Python Developer,GTS,"New York, NY",TBD,3.7,,https://www.indeed.com/viewjob?jk=f8f068da6dd93fa6
223,Python Developer,Systemonex INC,"New York, NY",70000.0,,,https://www.indeed.com/viewjob?jk=261a6748688d29d6
224,Site Reliability Engineer - Python and Automation - No finance required,Saragossa,"New York, NY",TBD,,,https://www.indeed.com/viewjob?jk=2278f745eaf94e0d
225,Bioinformatics Programmer,NYU Langone Health,"New York, NY",TBD,4.1,,https://www.indeed.com/viewjob?jk=8434bc915c82e9d2
226,"Quantitative Investment Analytics, Sr. Analyst",Global Atlantic Financial Group,"New York, NY",TBD,3.2,,https://www.indeed.com/viewjob?jk=ae577fac66aa2913
227,Data Science Instructor,MIM,"New York, NY",87000.0,,,https://www.indeed.com/viewjob?jk=7f2fbaa0da9c3228
228,Entry Level Python Developer / Jr. Python Developer,KesarWeb,"New York, NY",65000.0,,,https://www.indeed.com/viewjob?jk=52e375af8715e3d4
229,Data Technician (Full- or Part-Time),Thasos Group,"New York, NY",TBD,,,https://www.indeed.com/viewjob?jk=da727c0cddda240e
230,IT Internship,NPower,"New York, NY",30000.0,3.5,,https://www.indeed.com/viewjob?jk=fae3bf7adc86ea00
231,Tutor in Python online,MakerState,"New York, NY",36000.0,4.0,0.0,https://www.indeed.com/viewjob?jk=469dc5c2056f68b8
232,"Editorial Production Associate, The New Yorker",Conde Nast,"New York, NY",TBD,4.0,,https://www.indeed.com/viewjob?jk=3ecb7c1d250a060f
233,Python Hacker - Machine Learning,Morgan Stanley,"New York, NY",TBD,3.9,,https://www.indeed.com/viewjob?jk=570b70628645883d
234,Junior Laboratory Associate,New York University,"New York, NY",40000.0,4.2,,https://www.indeed.com/viewjob?jk=f5be0253521b86e9
236,Java / Python Tutors,"SAM Consulting Services, Inc.","New York, NY",TBD,,,https://www.indeed.com/viewjob?jk=6dd414e5bf2653aa
237,Python Developer with Front end development,Peopleforce INC,"New York, NY",90000.0,,,https://www.indeed.com/viewjob?jk=c43b5994cf78e06f
238,Senior .Net Developer,The LCF Group - Last Chance Funding,"West Hempstead, NY",TBD,,,https://www.indeed.com/viewjob?jk=d4fc6eb577bcf301
239,Machine Vision Engineer,"Intelligent Artifacts, Inc.","New York, NY",80000.0,,,https://www.indeed.com/viewjob?jk=438f8386a49026e1
240,Python Developer,Systemonex INC,"New York, NY",70000.0,,,https://www.indeed.com/viewjob?jk=261a6748688d29d6
241,Site Reliability Engineer - Python and Automation - No finance required,Saragossa,"New York, NY",TBD,,,https://www.indeed.com/viewjob?jk=2278f745eaf94e0d
242,Bioinformatics Programmer,NYU Langone Health,"New York, NY",TBD,4.1,,https://www.indeed.com/viewjob?jk=8434bc915c82e9d2
243,Data Science Instructor,MIM,"New York, NY",87000.0,,,https://www.indeed.com/viewjob?jk=7f2fbaa0da9c3228
244,Junior Data Analyst,Urner Barry,"Toms River, NJ",40000.0,4.2,0.0,https://www.indeed.com/viewjob?jk=95fdb4f48585dab3
245,AWS Developer,Reddaiah IT Services Inc.,"New York, NY",TBD,,,https://www.indeed.com/viewjob?jk=c58436053d6e04ec
246,Entry Level Python Developer / Jr. Python Developer,KesarWeb,"New York, NY",65000.0,,,https://www.indeed.com/viewjob?jk=52e375af8715e3d4
247,Data Technician (Full- or Part-Time),Thasos Group,"New York, NY",TBD,,,https://www.indeed.com/viewjob?jk=da727c0cddda240e
248,IT Internship,NPower,"New York, NY",30000.0,3.5,,https://www.indeed.com/viewjob?jk=fae3bf7adc86ea00
249,Tutor in Python online,MakerState,"New York, NY",36000.0,4.0,0.0,https://www.indeed.com/viewjob?jk=469dc5c2056f68b8
250,"Editorial Production Associate, The New Yorker",Conde Nast,"New York, NY",TBD,4.0,,https://www.indeed.com/viewjob?jk=3ecb7c1d250a060f
251,Python Hacker - Machine Learning,Morgan Stanley,"New York, NY",TBD,3.9,,https://www.indeed.com/viewjob?jk=570b70628645883d
252,Junior Laboratory Associate,New York University,"New York, NY",40000.0,4.2,,https://www.indeed.com/viewjob?jk=f5be0253521b86e9
254,Java / Python Tutors,"SAM Consulting Services, Inc.","New York, NY",TBD,,,https://www.indeed.com/viewjob?jk=6dd414e5bf2653aa
255,Python Developer with Front end development,Peopleforce INC,"New York, NY",90000.0,,,https://www.indeed.com/viewjob?jk=c43b5994cf78e06f
256,"Quantitative Investment Analytics, Sr. Analyst",Global Atlantic Financial Group,"New York, NY",TBD,3.2,,https://www.indeed.com/viewjob?jk=ae577fac66aa2913
257,Machine Vision Engineer,"Intelligent Artifacts, Inc.","New York, NY",80000.0,,,https://www.indeed.com/viewjob?jk=438f8386a49026e1
258,Python Developer,Systemonex INC,"New York, NY",70000.0,,,https://www.indeed.com/viewjob?jk=261a6748688d29d6
259,Entry Level Python Developer / Jr. Python Developer,KesarWeb,"New York, NY",65000.0,,,https://www.indeed.com/viewjob?jk=52e375af8715e3d4
260,Machine Vision Engineer,"Intelligent Artifacts, Inc.","New York, NY",80000.0,,,https://www.indeed.com/viewjob?jk=438f8386a49026e1
261,Lead Data Strategist,Indeed,"New York, NY",104000.0,4.3,,https://www.indeed.com/viewjob?jk=e3e355bd6f8eb5e0
262,Data Technician (Full- or Part-Time),Thasos Group,"New York, NY",TBD,,,https://www.indeed.com/viewjob?jk=da727c0cddda240e
263,IT Internship,NPower,"New York, NY",30000.0,3.5,,https://www.indeed.com/viewjob?jk=fae3bf7adc86ea00
264,Tutor in Python online,MakerState,"New York, NY",36000.0,4.0,0.0,https://www.indeed.com/viewjob?jk=469dc5c2056f68b8
265,"Editorial Production Associate, The New Yorker",Conde Nast,"New York, NY",TBD,4.0,,https://www.indeed.com/viewjob?jk=3ecb7c1d250a060f
266,Python Hacker - Machine Learning,Morgan Stanley,"New York, NY",TBD,3.9,,https://www.indeed.com/viewjob?jk=570b70628645883d
267,Junior Laboratory Associate,New York University,"New York, NY",40000.0,4.2,,https://www.indeed.com/viewjob?jk=f5be0253521b86e9
269,Java / Python Tutors,"SAM Consulting Services, Inc.","New York, NY",TBD,,,https://www.indeed.com/viewjob?jk=6dd414e5bf2653aa
270,Python Developer with Front end development,Peopleforce INC,"New York, NY",90000.0,,,https://www.indeed.com/viewjob?jk=c43b5994cf78e06f
271,Python Developer,Direct Agents,"New York, NY",TBD,3.1,,https://www.indeed.com/viewjob?jk=e63e11330df31629
272,Junior Python Developer,GTS,"New York, NY",TBD,3.7,,https://www.indeed.com/viewjob?jk=f8f068da6dd93fa6
273,Python Developer,Systemonex INC,"New York, NY",70000.0,,,https://www.indeed.com/viewjob?jk=261a6748688d29d6
274,Machine Vision Engineer,"Intelligent Artifacts, Inc.","New York, NY",80000.0,,,https://www.indeed.com/viewjob?jk=438f8386a49026e1
275,Bioinformatics Programmer,NYU Langone Health,"New York, NY",TBD,4.1,,https://www.indeed.com/viewjob?jk=8434bc915c82e9d2
276,"Quantitative Investment Analytics, Sr. Analyst",Global Atlantic Financial Group,"New York, NY",TBD,3.2,,https://www.indeed.com/viewjob?jk=ae577fac66aa2913
277,Data Science Instructor,MIM,"New York, NY",87000.0,,,https://www.indeed.com/viewjob?jk=7f2fbaa0da9c3228
278,Entry Level Python Developer / Jr. Python Developer,KesarWeb,"New York, NY",65000.0,,,https://www.indeed.com/viewjob?jk=52e375af8715e3d4
279,Data Technician (Full- or Part-Time),Thasos Group,"New York, NY",TBD,,,https://www.indeed.com/viewjob?jk=da727c0cddda240e
280,IT Internship,NPower,"New York, NY",30000.0,3.5,,https://www.indeed.com/viewjob?jk=fae3bf7adc86ea00
281,Tutor in Python online,MakerState,"New York, NY",36000.0,4.0,0.0,https://www.indeed.com/viewjob?jk=469dc5c2056f68b8
282,"Editorial Production Associate, The New Yorker",Conde Nast,"New York, NY",TBD,4.0,,https://www.indeed.com/viewjob?jk=3ecb7c1d250a060f
283,Python Hacker - Machine Learning,Morgan Stanley,"New York, NY",TBD,3.9,,https://www.indeed.com/viewjob?jk=570b70628645883d
284,Junior Laboratory Associate,New York University,"New York, NY",40000.0,4.2,,https://www.indeed.com/viewjob?jk=f5be0253521b86e9
286,Java / Python Tutors,"SAM Consulting Services, Inc.","New York, NY",TBD,,,https://www.indeed.com/viewjob?jk=6dd414e5bf2653aa
287,Python Developer with Front end development,Peopleforce INC,"New York, NY",90000.0,,,https://www.indeed.com/viewjob?jk=c43b5994cf78e06f
288,Site Reliability Engineer - Python and Automation - No finance required,Saragossa,"New York, NY",TBD,,,https://www.indeed.com/viewjob?jk=2278f745eaf94e0d
289,Jr. Big Data Engineer,Enhance IT,"New York, NY",TBD,3.4,,https://www.indeed.com/viewjob?jk=986bafd823bca81f
290,Python Developer,Systemonex INC,"New York, NY",70000.0,,,https://www.indeed.com/viewjob?jk=261a6748688d29d6
291,Site Reliability Engineer - Python and Automation - No finance required,Saragossa,"New York, NY",TBD,,,https://www.indeed.com/viewjob?jk=2278f745eaf94e0d
292,Bioinformatics Programmer,NYU Langone Health,"New York, NY",TBD,4.1,,https://www.indeed.com/viewjob?jk=8434bc915c82e9d2
293,Data Science Instructor,MIM,"New York, NY",87000.0,,,https://www.indeed.com/viewjob?jk=7f2fbaa0da9c3228
294,Entry Level Python Developer / Jr. Python Developer,KesarWeb,"New York, NY",65000.0,,,https://www.indeed.com/viewjob?jk=52e375af8715e3d4
295,Data Technician (Full- or Part-Time),Thasos Group,"New York, NY",TBD,,,https://www.indeed.com/viewjob?jk=da727c0cddda240e
296,IT Internship,NPower,"New York, NY",30000.0,3.5,,https://www.indeed.com/viewjob?jk=fae3bf7adc86ea00
297,Tutor in Python online,MakerState,"New York, NY",36000.0,4.0,0.0,https://www.indeed.com/viewjob?jk=469dc5c2056f68b8
298,"Editorial Production Associate, The New Yorker",Conde Nast,"New York, NY",TBD,4.0,,https://www.indeed.com/viewjob?jk=3ecb7c1d250a060f
299,Python Hacker - Machine Learning,Morgan Stanley,"New York, NY",TBD,3.9,,https://www.indeed.com/viewjob?jk=570b70628645883d
300,Junior Laboratory Associate,New York University,"New York, NY",40000.0,4.2,,https://www.indeed.com/viewjob?jk=f5be0253521b86e9
302,Java / Python Tutors,"SAM Consulting Services, Inc.","New York, NY",TBD,,,https://www.indeed.com/viewjob?jk=6dd414e5bf2653aa
303,Python Developer with Front end development,Peopleforce INC,"New York, NY",90000.0,,,https://www.indeed.com/viewjob?jk=c43b5994cf78e06f
304,"Quantitative Investment Analytics, Sr. Analyst",Global Atlantic Financial Group,"New York, NY",TBD,3.2,,https://www.indeed.com/viewjob?jk=ae577fac66aa2913
305,Machine Vision Engineer,"Intelligent Artifacts, Inc.","New York, NY",80000.0,,,https://www.indeed.com/viewjob?jk=438f8386a49026e1
306,Python Developer,Systemonex INC,"New York, NY",70000.0,,,https://www.indeed.com/viewjob?jk=261a6748688d29d6
307,Site Reliability Engineer - Python and Automation - No finance required,Saragossa,"New York, NY",TBD,,,https://www.indeed.com/viewjob?jk=2278f745eaf94e0d
308,Software Engineer Senior Instructor,MIM,"New York, NY",87000.0,,,https://www.indeed.com/viewjob?jk=f1433de8cb7a6bf7
309,"Quantitative Investment Analytics, Sr. Analyst",Global Atlantic Financial Group,"New York, NY",TBD,3.2,,https://www.indeed.com/viewjob?jk=ae577fac66aa2913
310,Bioinformatics Programmer,NYU Langone Health,"New York, NY",TBD,4.1,,https://www.indeed.com/viewjob?jk=8434bc915c82e9d2
311,Data Science Instructor,MIM,"New York, NY",87000.0,,,https://www.indeed.com/viewjob?jk=7f2fbaa0da9c3228
312,Entry Level Python Developer / Jr. Python Developer,KesarWeb,"New York, NY",65000.0,,,https://www.indeed.com/viewjob?jk=52e375af8715e3d4
313,Data Technician (Full- or Part-Time),Thasos Group,"New York, NY",TBD,,,https://www.indeed.com/viewjob?jk=da727c0cddda240e
314,IT Internship,NPower,"New York, NY",30000.0,3.5,,https://www.indeed.com/viewjob?jk=fae3bf7adc86ea00
315,Tutor in Python online,MakerState,"New York, NY",36000.0,4.0,0.0,https://www.indeed.com/viewjob?jk=469dc5c2056f68b8
316,"Editorial Production Associate, The New Yorker",Conde Nast,"New York, NY",TBD,4.0,,https://www.indeed.com/viewjob?jk=3ecb7c1d250a060f
317,Python Hacker - Machine Learning,Morgan Stanley,"New York, NY",TBD,3.9,,https://www.indeed.com/viewjob?jk=570b70628645883d
318,Junior Laboratory Associate,New York University,"New York, NY",40000.0,4.2,,https://www.indeed.com/viewjob?jk=f5be0253521b86e9
320,Java / Python Tutors,"SAM Consulting Services, Inc.","New York, NY",TBD,,,https://www.indeed.com/viewjob?jk=6dd414e5bf2653aa
321,Python Developer with Front end development,Peopleforce INC,"New York, NY",90000.0,,,https://www.indeed.com/viewjob?jk=c43b5994cf78e06f
322,Manager - Data Science,Biz2Credit Inc,"New York, NY",TBD,,,https://www.indeed.com/viewjob?jk=b27aaada6fcf021e
323,Machine Vision Engineer,"Intelligent Artifacts, Inc.","New York, NY",80000.0,,,https://www.indeed.com/viewjob?jk=438f8386a49026e1
